<?xml version="1.0" encoding="UTF-8"?>

<metadata>
  <groupId>org.apache.poi</groupId>
  <artifactId>poi</artifactId>
  <versioning>
    <latest>4.1.2</latest>
    <release>4.1.2</release>
    <versions>
      <version>3.5-FINAL</version>
      <version>3.5-beta4</version>
      <version>3.5-beta5</version>
      <version>3.5-beta6</version>
      <version>3.6</version>
      <version>3.7-beta1</version>
      <version>3.7-beta2</version>
      <version>3.7-beta3</version>
      <version>3.7</version>
      <version>3.8-beta1</version>
      <version>3.8-beta2</version>
      <version>3.8-beta3</version>
      <version>3.8-beta4</version>
      <version>3.8-beta5</version>
      <version>3.8</version>
      <version>3.9</version>
      <version>3.10-FINAL</version>
      <version>3.10-beta1</version>
      <version>3.10-beta2</version>
      <version>3.10.1</version>
      <version>3.11-beta1</version>
      <version>3.11-beta2</version>
      <version>3.11-beta3</version>
      <version>3.11</version>
      <version>3.12-beta1</version>
      <version>3.12</version>
      <version>3.13-beta1</version>
      <version>3.13</version>
      <version>3.14-beta1</version>
      <version>3.14</version>
      <version>3.15-beta1</version>
      <version>3.15-beta2</version>
      <version>3.15</version>
      <version>3.16-beta1</version>
      <version>3.16-beta2</version>
      <version>3.16</version>
      <version>3.17-beta1</version>
      <version>3.17</version>
      <version>4.0.0</version>
      <version>4.0.1</version>
      <version>4.1.0</version>
      <version>4.1.1</version>
      <version>4.1.2</version>
    </versions>
    <lastUpdated>20200213223315</lastUpdated>
  </versioning>
</metadata>
